Date,Open,High,Low,Close,Adj Close,Volume
1/2/2014,25.84,26,25.290001,25.799999,25.799999,31700
1/3/2014,25.790001,26.02,25.51,25.93,25.93,29500
1/6/2014,26.09,26.379999,25.219999,25.379999,25.379999,46200
1/7/2014,25.530001,25.690001,24.950001,25.51,25.51,48500
1/8/2014,25.5,25.6,25.200001,25.360001,25.360001,16100
1/9/2014,25.440001,25.450001,25.030001,25.209999,25.209999,40800
1/10/2014,25.280001,26.040001,24.9,25.34,25.34,32200
1/13/2014,25.32,25.5,24.879999,25.09,25.09,61700
1/14/2014,25.09,25.09,24.73,24.780001,24.780001,20900
1/15/2014,24.76,25.200001,24.690001,25.02,25.02,95900
1/16/2014,25.02,25.58,24.16,25.299999,25.299999,85100
1/17/2014,25.34,25.9,24.780001,25.02,25.02,28400
1/21/2014,25.09,25.719999,25.09,25.57,25.57,16300
1/22/2014,25.860001,25.860001,25.370001,25.5,25.5,11000
1/23/2014,25.33,25.84,25.1,25.610001,25.610001,36200
1/24/2014,25.469999,25.73,25.360001,25.59,25.59,46500
1/27/2014,26.4,26.4,25.200001,25.450001,25.450001,33800
1/28/2014,25.16,25.389999,24.959999,25.389999,25.389999,37300
1/29/2014,25.110001,26.15,25.110001,25.459999,25.459999,46800
1/30/2014,25.610001,25.98,25.33,25.51,25.51,55900
1/31/2014,25.190001,25.4,24.82,25.26,25.26,45400
2/3/2014,25.09,25.299999,24.77,25.09,25.09,57800
2/4/2014,25.15,25.209999,24.74,25.120001,25.120001,23200
2/5/2014,25.309999,25.33,24.879999,25.299999,25.299999,26500
2/6/2014,25.42,25.5,24.879999,24.99,24.99,22300
2/7/2014,24.969999,25.25,24.48,24.84,24.84,26200
2/10/2014,24.719999,24.969999,23.92,24.549999,24.549999,49900
2/11/2014,23.91,24.969999,23.91,24.889999,24.889999,22700
2/12/2014,24.639999,25.190001,24.629999,24.75,24.75,40900
2/13/2014,24.610001,25.370001,23.59,25.35,25.35,19600
2/14/2014,25.42,25.66,24.98,25.48,25.48,22900
2/18/2014,25.4,26.33,25.4,26.25,26.25,15400
2/19/2014,26.25,26.690001,25.68,26.09,26.09,44000
2/20/2014,26.129999,27.209999,26.129999,27,27,46100
2/21/2014,27.18,27.73,26.950001,27.16,27.16,74500
2/24/2014,27.25,27.4,26.83,27.16,27.16,19900
2/25/2014,27.01,27.110001,26.559999,26.67,26.67,9700
2/26/2014,26.780001,26.91,26.35,26.52,26.52,46700
2/27/2014,26.51,26.780001,26.129999,26.65,26.65,39800
2/28/2014,26.719999,26.92,26.190001,26.25,26.25,30400
3/3/2014,26.200001,26.450001,25.59,26.440001,26.440001,126400
3/4/2014,26.629999,27.66,26.629999,27.48,27.48,106500
3/5/2014,27.299999,27.34,26.49,26.84,26.84,39300
3/6/2014,27.18,27.18,24.41,26.610001,26.610001,125100
3/7/2014,26.65,26.879999,25.73,26.84,26.84,28500
3/10/2014,26.809999,27.25,26.42,26.99,26.99,50400
3/11/2014,26.940001,27.030001,26.120001,26.190001,26.190001,23100
3/12/2014,25.99,26.290001,25.67,26.17,26.17,17700
3/13/2014,26.17,26.299999,25.620001,25.82,25.82,29400
3/14/2014,25.690001,26.360001,25.690001,25.870001,25.870001,25100
3/17/2014,26.799999,26.940001,25.93,26.860001,26.860001,84800
3/18/2014,26.83,27.610001,26.67,27.299999,27.299999,46800
3/19/2014,27.370001,27.620001,26.52,26.629999,26.629999,34400
3/20/2014,26.68,27.290001,26.25,26.540001,26.540001,98900
3/21/2014,26.65,27.1,26.610001,26.700001,26.700001,63800
3/24/2014,27.110001,27.110001,26.5,26.6,26.6,37200
3/25/2014,26.73,26.9,26.32,26.58,26.58,47000
3/26/2014,26.73,26.799999,26.559999,26.65,26.65,74500
3/27/2014,26.65,26.77,26.25,26.459999,26.459999,64000
3/28/2014,26.379999,26.440001,25.690001,25.76,25.76,28100
3/31/2014,25.549999,26.67,25.549999,26.27,26.27,46500
4/1/2014,26.32,26.73,25.940001,26.040001,26.040001,319700
4/2/2014,26.1,26.15,25.879999,26.08,26.08,31300
4/3/2014,26,26.08,25.719999,25.879999,25.879999,36100
4/4/2014,26.049999,26.459999,25.190001,25.75,25.75,126000
4/7/2014,25.73,26.049999,25.110001,25.280001,25.280001,26100
4/8/2014,25.84,25.84,25.299999,25.42,25.42,32500
4/9/2014,24.93,25.52,24.75,25.43,25.43,33000
4/10/2014,25.32,25.719999,24.91,25.15,25.15,44300
4/11/2014,24.9,26.02,24.610001,24.92,24.92,75000
4/14/2014,25.15,25.32,24.91,25.200001,25.200001,28500
4/15/2014,25.209999,25.49,24.93,25.33,25.33,23200
4/16/2014,25.450001,25.68,25.15,25.459999,25.459999,37400
4/17/2014,25.360001,26.030001,25.360001,25.870001,25.870001,30800
4/21/2014,25.27,25.99,24.75,25.620001,25.620001,58100
4/22/2014,25.719999,25.73,25.190001,25.34,25.34,40800
4/23/2014,25.34,25.879999,25.1,25.139999,25.139999,46000
4/24/2014,25.1,25.379999,25.09,25.15,25.15,36800
4/25/2014,25.110001,25.549999,24.99,25.110001,25.110001,62200
4/28/2014,25.120001,25.299999,24.370001,24.85,24.85,26700
4/29/2014,25.040001,25.379999,24.41,24.49,24.49,29200
4/30/2014,24.34,24.68,24.030001,24.42,24.42,33200
5/1/2014,24.35,24.49,23.34,23.549999,23.549999,78800
5/2/2014,23.52,23.639999,23.030001,23.27,23.27,79300
5/5/2014,23.190001,23.190001,22.700001,22.790001,22.790001,50800
5/6/2014,22.610001,22.690001,22.26,22.6,22.6,46100
5/7/2014,22.73,23.1,22.139999,22.68,22.68,105800
5/8/2014,21,22.049999,20.610001,21.26,21.26,245500
5/9/2014,21.139999,22.5,20.9,22.4,22.4,154500
5/12/2014,22.450001,23.290001,22.040001,23.01,23.01,92200
5/13/2014,23.16,23.32,22.790001,22.809999,22.809999,88200
5/14/2014,22.85,22.85,22.26,22.34,22.34,42500
5/15/2014,22.16,22.16,21.540001,22.01,22.01,51800
5/16/2014,21.93,22.940001,21.82,22.1,22.1,26400
5/19/2014,22.08,22.5,22.08,22.26,22.26,21000
5/20/2014,22.139999,22.139999,21.190001,21.65,21.65,62200
5/21/2014,21.66,21.940001,21.08,21.809999,21.809999,86400
5/22/2014,21.93,22.700001,21.93,22.59,22.59,125100
5/23/2014,22.66,22.969999,22.530001,22.91,22.91,35500
5/27/2014,23.16,24.16,22.76,23.709999,23.709999,81700
5/28/2014,23.59,23.73,22.74,23.450001,23.450001,53500
5/29/2014,23.6,23.85,23.18,23.530001,23.530001,57400
5/30/2014,23.610001,23.790001,23.190001,23.719999,23.719999,117600
6/2/2014,23.700001,24.02,23.58,23.860001,23.860001,171400
6/3/2014,23.719999,23.719999,22.879999,22.959999,22.959999,43400
6/4/2014,22.92,23.08,22.24,22.42,22.42,68100
6/5/2014,22.370001,22.92,21.76,22.610001,22.610001,59300
6/6/2014,22.780001,22.959999,22.6,22.73,22.73,44800
6/9/2014,22.459999,22.75,21.879999,22.43,22.43,90100
6/10/2014,22.290001,22.68,22.02,22.1,22.1,51000
6/11/2014,22,22.09,21.709999,21.959999,21.959999,65500
6/12/2014,21.98,22.17,21.639999,22.059999,22.059999,27600
6/13/2014,22.18,22.370001,21.6,21.77,21.77,37100
6/16/2014,21.780001,21.83,21.51,21.67,21.67,29600
6/17/2014,21.68,21.84,21.25,21.35,21.35,49600
6/18/2014,21.459999,21.5,21.120001,21.35,21.35,50200
6/19/2014,21.51,21.530001,21.25,21.379999,21.379999,83800
6/20/2014,21.299999,21.4,21.17,21.200001,21.200001,101900
6/23/2014,21.280001,21.290001,20.93,21.17,21.17,57900
6/24/2014,21.110001,21.35,20.950001,21.09,21.09,84000
6/25/2014,21.08,21.309999,20.65,21.200001,21.200001,220200
6/26/2014,21.209999,21.309999,20.5,21.17,21.17,37700
6/27/2014,20.99,21.32,20.969999,21.110001,21.110001,210100
6/30/2014,21.16,21.549999,20.799999,21.389999,21.389999,111500
7/1/2014,21.450001,21.92,21.450001,21.66,21.66,60500
7/2/2014,21.709999,21.77,21.469999,21.6,21.6,20400
7/3/2014,21.639999,21.799999,21.610001,21.690001,21.690001,17800
7/7/2014,21.549999,21.799999,21.190001,21.43,21.43,80800
7/8/2014,21.450001,21.58,21.219999,21.469999,21.469999,39800
7/9/2014,21.559999,21.610001,21.280001,21.5,21.5,25000
7/10/2014,21.16,21.450001,20.940001,21.15,21.15,49200
7/11/2014,21.190001,21.41,21.01,21.190001,21.190001,22800
7/14/2014,21.459999,21.459999,21.08,21.309999,21.309999,38700
7/15/2014,21.299999,21.35,21.08,21.18,21.18,40300
7/16/2014,21.34,21.360001,21.07,21.219999,21.219999,46600
7/17/2014,21.129999,21.219999,20.32,20.42,20.42,164800
7/18/2014,20.290001,20.379999,19.98,20.09,20.09,117700
7/21/2014,20.01,20.34,19.790001,20.23,20.23,27400
7/22/2014,20.280001,20.700001,19.860001,20.620001,20.620001,24900
7/23/2014,20.639999,20.75,20.440001,20.65,20.65,19500
7/24/2014,20.110001,20.690001,19.9,19.99,19.99,67700
7/25/2014,19.809999,19.83,19.290001,19.34,19.34,56000
7/28/2014,19.41,19.41,18.85,19.25,19.25,46400
7/29/2014,19.26,19.57,19.110001,19.5,19.5,22600
7/30/2014,19.620001,19.66,18.879999,19.559999,19.559999,23400
7/31/2014,19.34,19.66,17.959999,19.6,19.6,43300
8/1/2014,19.68,19.75,19.5,19.67,19.67,48900
8/4/2014,19.690001,19.98,19.5,19.91,19.91,50300
8/5/2014,19.92,20.34,19.809999,20.309999,20.309999,70100
8/6/2014,20.299999,20.629999,20.290001,20.42,20.42,31200
8/7/2014,21.030001,21.030001,20.040001,20.35,20.35,32300
8/8/2014,20.34,20.940001,20.280001,20.76,20.76,79500
8/11/2014,20.91,21.42,20.860001,21.34,21.34,30100
8/12/2014,21.299999,21.49,21.049999,21.16,21.16,31100
8/13/2014,21.17,22.120001,20.940001,21.870001,21.870001,88400
8/14/2014,21.879999,22.17,21.780001,21.879999,21.879999,22700
8/15/2014,22.15,22.32,21.780001,21.92,21.92,65100
8/18/2014,22.059999,22.25,21.99,22.25,22.25,37100
8/19/2014,21.76,22.309999,21.76,22.17,22.17,31200
8/20/2014,22.02,22.02,21.59,21.889999,21.889999,29600
8/21/2014,21.790001,22.6,21.709999,21.93,21.93,33100
8/22/2014,21.92,22,21.639999,21.75,21.75,16000
8/25/2014,21.77,22.129999,21.6,21.66,21.66,14500
8/26/2014,21.690001,22.09,21.48,21.73,21.73,29900
8/27/2014,21.65,21.780001,21.549999,21.719999,21.719999,18400
8/28/2014,21.98,22.09,21.27,21.530001,21.530001,15000
8/29/2014,21.49,21.780001,21.459999,21.65,21.65,21300
9/2/2014,21.540001,22.09,21.379999,22.09,22.09,24000
9/3/2014,22.190001,22.190001,21.540001,21.66,21.66,18700
9/4/2014,21.9,22.129999,21.709999,21.950001,21.950001,21800
9/5/2014,21.85,22.25,21.85,21.959999,21.959999,18000
9/8/2014,21.98,22.299999,21.870001,22.219999,22.219999,29100
9/9/2014,21.780001,22.27,21.700001,21.93,21.93,21200
9/10/2014,21.870001,22.139999,21.870001,22.139999,22.139999,11900
9/11/2014,22.09,22.33,22.07,22.25,22.25,25100
9/12/2014,22.32,22.32,21.209999,21.219999,21.219999,26500
9/15/2014,21.18,21.18,20.709999,20.91,20.91,26000
9/16/2014,20.799999,21.01,20.77,20.969999,20.969999,26100
9/17/2014,20.9,21.290001,20.77,20.93,20.93,13700
9/18/2014,21.370001,21.370001,20.700001,20.799999,20.799999,10200
9/19/2014,20.799999,20.799999,19.33,19.41,19.41,77600
9/22/2014,19.540001,19.6,19.190001,19.309999,19.309999,34500
9/23/2014,19.26,19.799999,19.209999,19.440001,19.440001,41700
9/24/2014,19.51,19.83,19.41,19.690001,19.690001,32400
9/25/2014,19.68,19.68,19.25,19.26,19.26,30200
9/26/2014,19.26,19.52,19.209999,19.42,19.42,22900
9/29/2014,19.290001,19.290001,18.469999,18.83,18.83,53300
9/30/2014,18.83,19.040001,18.370001,18.959999,18.959999,89500
10/1/2014,18.719999,19.32,18.65,19.26,19.26,48400
10/2/2014,19.200001,20.02,19.110001,19.809999,19.809999,26700
10/3/2014,20.07,20.6,19.959999,20.209999,20.209999,21600
10/6/2014,20.309999,20.51,20.309999,20.4,20.4,33500
10/7/2014,20.17,20.52,20.030001,20.25,20.25,78000
10/8/2014,20.190001,20.49,20.059999,20.25,20.25,56600
10/9/2014,20.309999,20.35,20,20.15,20.15,21100
10/10/2014,20,20.190001,19.58,19.809999,19.809999,21900
10/13/2014,19.75,20.129999,19.75,20.030001,20.030001,40700
10/14/2014,20.209999,20.99,19.780001,20.790001,20.790001,51200
10/15/2014,20.6,20.93,20.290001,20.67,20.67,45500
10/16/2014,20.459999,20.969999,20.219999,20.4,20.4,31200
10/17/2014,20.719999,20.719999,19.98,20.059999,20.059999,48200
10/20/2014,20,20.58,20,20.5,20.5,41500
10/21/2014,20.540001,20.6,20.4,20.51,20.51,32500
10/22/2014,20.5,20.65,20.35,20.6,20.6,39100
10/23/2014,20.709999,20.790001,20.450001,20.73,20.73,146000
10/24/2014,20.790001,21.09,18.809999,20.98,20.98,39500
10/27/2014,20.99,20.99,20.309999,20.440001,20.440001,31700
10/28/2014,20.459999,21.17,20.440001,21.17,21.17,46000
10/29/2014,21.26,21.790001,21.02,21.52,21.52,39900
10/30/2014,21.52,22.16,21.209999,21.99,21.99,28200
10/31/2014,22.290001,22.290001,21.700001,21.82,21.82,64000
11/3/2014,21.91,22.27,21.74,21.92,21.92,39900
11/4/2014,21.83,22.030001,21.780001,21.889999,21.889999,28900
11/5/2014,22.4,22.530001,21.809999,22.02,22.02,25300
11/6/2014,22.200001,22.200001,21.07,21.26,21.26,45000
11/7/2014,20.84,21.93,20.84,21.92,21.92,34800
11/10/2014,21.68,21.889999,21.5,21.879999,21.879999,39700
11/11/2014,21.780001,22.25,21.66,22.200001,22.200001,24800
11/12/2014,22.049999,22.42,22.030001,22.4,22.4,29700
11/13/2014,22.700001,22.76,22.290001,22.559999,22.559999,36200
11/14/2014,22.51,22.559999,22.23,22.290001,22.290001,47900
11/17/2014,21.620001,22.049999,21.530001,21.58,21.58,58500
11/18/2014,21.690001,21.98,21.629999,21.76,21.76,39700
11/19/2014,21.83,22.059999,21.030001,21.59,21.59,71800
11/20/2014,21.51,21.549999,21.23,21.370001,21.370001,41500
11/21/2014,21.700001,21.700001,21.17,21.290001,21.290001,43900
11/24/2014,21.040001,22.08,21.040001,21.610001,21.610001,60300
11/25/2014,21.6,21.620001,21.02,21.25,21.25,34400
11/26/2014,21.25,21.66,20.950001,21.559999,21.559999,45600
11/28/2014,21.389999,21.389999,20.76,20.780001,20.780001,13200
12/1/2014,20.629999,20.969999,20.559999,20.59,20.59,38700
12/2/2014,20.65,21.209999,20.5,20.82,20.82,59500
12/3/2014,20.889999,21.5,19.33,21.309999,21.309999,29800
12/4/2014,21.360001,21.82,20.940001,21.700001,21.700001,33900
12/5/2014,21.629999,22.379999,20.82,22.16,22.16,25900
12/8/2014,22.17,22.58,22.16,22.309999,22.309999,50100
12/9/2014,22.200001,22.93,22.049999,22.780001,22.780001,46500
12/10/2014,22.610001,22.860001,22.34,22.35,22.35,36300
12/11/2014,22.530001,23,22.209999,22.42,22.42,128800
12/12/2014,22.110001,22.719999,21.82,22.450001,22.450001,35300
12/15/2014,22.34,22.950001,21.950001,22.540001,22.540001,51100
12/16/2014,22.559999,23.18,22.1,22.48,22.48,68900
12/17/2014,22.48,23.49,22.360001,23.040001,23.040001,80500
12/18/2014,23.32,23.870001,22.870001,23.32,23.32,86400
12/19/2014,23.25,23.49,22.790001,23.030001,23.030001,210700
12/22/2014,23.15,23.790001,23.15,23.709999,23.709999,57000
12/23/2014,23.790001,24.030001,23.280001,23.440001,23.440001,114600
12/24/2014,23.58,24.040001,23.34,23.66,23.66,19300
12/26/2014,23.870001,24,23.809999,23.93,23.93,30000
12/29/2014,23.83,25,23.83,24.959999,24.959999,38900
12/30/2014,25.040001,25.5,24.65,24.9,24.9,34200
12/31/2014,25.120001,25.76,24.940001,25.23,25.23,37000
1/2/2015,25.389999,25.389999,23.950001,24.129999,24.129999,40600
1/5/2015,24.629999,24.629999,23.389999,24.1,24.1,45200
1/6/2015,24.190001,24.51,23.299999,23.709999,23.709999,30200
1/7/2015,23.91,23.91,23.25,23.719999,23.719999,34500
1/8/2015,23.610001,23.790001,23.32,23.639999,23.639999,29200
1/9/2015,23.549999,23.98,23.24,23.85,23.85,35000
1/12/2015,23.700001,24.26,23.129999,23.32,23.32,25100
1/13/2015,23.530001,23.870001,23.049999,23.469999,23.469999,24800
1/14/2015,23.25,23.620001,22.889999,23.370001,23.370001,15600
1/15/2015,23.440001,23.440001,22.4,23.08,23.08,38500
1/16/2015,22.950001,23.15,22.370001,23.059999,23.059999,41000
1/20/2015,22.940001,22.940001,22.4,22.639999,22.639999,31500
1/21/2015,22.469999,23.059999,22.209999,22.35,22.35,20500
1/22/2015,22.549999,23.450001,22.290001,23.34,23.34,20200
1/23/2015,23.27,23.57,22.4,23.209999,23.209999,16700
1/26/2015,23.07,23.209999,22.68,22.98,22.98,15600
1/27/2015,22.860001,23.120001,22.73,23.040001,23.040001,31300
1/28/2015,23.02,23.360001,22.33,22.360001,22.360001,26400
1/29/2015,22.09,22.719999,22.08,22.66,22.66,33700
1/30/2015,22.379999,22.99,22.08,22.32,22.32,45800
2/2/2015,22.5,22.639999,22.07,22.549999,22.549999,26000
2/3/2015,22.5,23.809999,22.5,23.719999,23.719999,61400
2/4/2015,23.67,24.08,23.26,23.709999,23.709999,32200
2/5/2015,23.76,24.18,23.459999,23.639999,23.639999,35900
2/6/2015,23.700001,24.040001,23.26,23.43,23.43,26700
2/9/2015,23.35,23.43,22.709999,22.790001,22.790001,26100
2/10/2015,22.860001,22.889999,22.389999,22.799999,22.799999,16200
2/11/2015,22.700001,23,22.68,22.82,22.82,25500
2/12/2015,22.889999,23.219999,22.870001,23.16,23.16,19900
2/13/2015,23.07,23.299999,22.85,22.889999,22.889999,41100
2/17/2015,23.040001,23.190001,22.73,22.950001,22.950001,20600
2/18/2015,23,23.120001,22.860001,22.940001,22.940001,14600
2/19/2015,22.969999,23.129999,22.610001,22.85,22.85,15200
2/20/2015,22.91,23.049999,22.620001,22.780001,22.780001,16800
2/23/2015,22.77,23.059999,22.190001,22.610001,22.610001,21400
2/24/2015,22.719999,22.969999,22.620001,22.950001,22.950001,17900
2/25/2015,22.950001,22.98,22.639999,22.68,22.68,12600
2/26/2015,22.74,23.48,22.700001,23.35,23.35,22600
2/27/2015,23.34,23.389999,22.42,22.610001,22.610001,28800
3/2/2015,22.66,23.200001,22.41,22.860001,22.860001,30800
3/3/2015,22.77,23.559999,22.620001,22.889999,22.889999,59900
3/4/2015,22.9,24.950001,22.66,22.76,22.76,42000
3/5/2015,22.73,22.73,21.120001,21.440001,21.440001,119600
3/6/2015,21.200001,21.5,20.33,20.67,20.67,48300
3/9/2015,20.76,20.93,20.440001,20.530001,20.530001,36500
3/10/2015,20.389999,21,19.709999,20.200001,20.200001,71600
3/11/2015,20.299999,20.4,20,20.280001,20.280001,21700
3/12/2015,20.5,20.959999,20.5,20.76,20.76,90000
3/13/2015,20.809999,20.809999,20.16,20.42,20.42,26500
3/16/2015,20.5,20.629999,20.129999,20.32,20.32,22100
3/17/2015,20.23,20.67,20.09,20.469999,20.469999,17500
3/18/2015,20.809999,20.809999,20.1,20.52,20.52,47800
3/19/2015,20.540001,20.65,20.110001,20.299999,20.299999,30800
3/20/2015,20.309999,20.799999,20.23,20.77,20.77,96500
3/23/2015,20.9,21.48,20.790001,21.389999,21.389999,85800
3/24/2015,21.299999,21.82,21.129999,21.66,21.66,71900
3/25/2015,21.700001,21.83,21.01,21.67,21.67,104800
3/26/2015,21.6,21.950001,21.59,21.870001,21.870001,69000
3/27/2015,21.82,22.16,21.82,22.08,22.08,53200
3/30/2015,22.200001,22.450001,21.68,22.02,22.02,73300
3/31/2015,22.129999,22.129999,21.65,21.85,21.85,40700
4/1/2015,21.709999,22.33,21.709999,22.110001,22.110001,43600
4/2/2015,22.219999,22.709999,21.77,22.120001,22.120001,42200
4/6/2015,21.9,22.5,21.77,22.370001,22.370001,50400
4/7/2015,22.24,22.5,22.030001,22.139999,22.139999,104200
4/8/2015,22.040001,22.15,21.92,22.09,22.09,57400
4/9/2015,22.15,22.15,21.969999,22.139999,22.139999,41900
4/10/2015,22.15,22.15,22.040001,22.09,22.09,33400
4/13/2015,22.27,22.42,22.08,22.190001,22.190001,23400
4/14/2015,22.290001,22.65,22.07,22.33,22.33,51400
4/15/2015,22.35,22.92,22.34,22.49,22.49,71300
4/16/2015,22.549999,22.75,22.309999,22.4,22.4,13100
4/17/2015,22.219999,22.219999,21.77,21.93,21.93,48700
4/20/2015,22.110001,22.25,21.93,22.01,22.01,26700
4/21/2015,22.07,22.4,21.92,22.25,22.25,77600
4/22/2015,22.15,22.42,22,22.290001,22.290001,243100
4/23/2015,22.280001,22.969999,22.27,22.84,22.84,29200
4/24/2015,22.870001,23.190001,22.700001,23.110001,23.110001,537100
4/27/2015,23.309999,23.6,23.01,23.1,23.1,124300
4/28/2015,23.139999,23.5,23.139999,23.33,23.33,53400
4/29/2015,23.09,23.23,22.780001,22.799999,22.799999,58100
4/30/2015,22.75,23.030001,22.17,22.76,22.76,124400
5/1/2015,22.77,22.83,21.620001,22.48,22.48,57600
5/4/2015,22.379999,23,22.379999,22.559999,22.559999,32000
5/5/2015,22.41,22.700001,22.129999,22.299999,22.299999,168900
5/6/2015,24.639999,24.639999,22.6,23.190001,23.190001,139200
5/7/2015,23.219999,25.040001,23.08,24.780001,24.780001,87000
5/8/2015,24.98,24.98,23.870001,23.99,23.99,31100
5/11/2015,24.09,25.92,24.09,24.59,24.59,175900
5/12/2015,24.860001,24.860001,24.01,24.379999,24.379999,64800
5/13/2015,24.540001,24.639999,24.120001,24.370001,24.370001,54000
5/14/2015,24.549999,24.639999,24.34,24.43,24.43,39600
5/15/2015,24.379999,24.5,23.91,24.4,24.4,75400
5/18/2015,24.110001,24.389999,23.26,24.25,24.25,90500
5/19/2015,24.110001,24.98,24.030001,24.870001,24.870001,109900
5/20/2015,24.950001,25.030001,24.52,24.719999,24.719999,42900
5/21/2015,24.65,24.82,24.33,24.629999,24.629999,58700
5/22/2015,24.540001,24.92,24.209999,24.68,24.68,42600
5/26/2015,24.68,24.68,23.889999,24.540001,24.540001,61900
5/27/2015,24.48,24.879999,24.33,24.76,24.76,89900
5/28/2015,24.59,24.75,24.299999,24.51,24.51,33700
5/29/2015,24.450001,24.83,24.1,24.280001,24.280001,97800
6/1/2015,24.48,24.76,23.98,24.620001,24.620001,50600
6/2/2015,24.49,25,24.23,24.58,24.58,48200
6/3/2015,24.57,25,24.5,24.99,24.99,56400
6/4/2015,24.889999,24.98,24.32,24.799999,24.799999,45400
6/5/2015,24.73,25.01,24.309999,24.99,24.99,39300
6/8/2015,25.01,25.01,24.719999,24.92,24.92,26200
6/9/2015,24.84,25,24.629999,24.780001,24.780001,36000
6/10/2015,24.879999,25.33,24.879999,25.309999,25.309999,57300
6/11/2015,25.309999,25.49,24.870001,25.280001,25.280001,19200
6/12/2015,25.139999,25.309999,25.02,25.120001,25.120001,26200
6/15/2015,25.110001,25.83,24.68,25.719999,25.719999,79200
6/16/2015,25.67,26.73,25.59,25.84,25.84,59200
6/17/2015,25.879999,25.93,25.41,25.51,25.51,49100
6/18/2015,25.530001,25.959999,25.49,25.719999,25.719999,81600
6/19/2015,25.82,26.620001,25.620001,26.6,26.6,78500
6/22/2015,26.870001,27.33,26.77,26.940001,26.940001,48900
6/23/2015,26.82,26.9,26.34,26.709999,26.709999,40200
6/24/2015,26.790001,26.860001,26.209999,26.66,26.66,50400
6/25/2015,26.65,26.65,26.370001,26.52,26.52,37800
6/26/2015,26.5,26.530001,26.049999,26.209999,26.209999,120000
6/29/2015,25.93,26.309999,25.73,25.809999,25.809999,71000
6/30/2015,25.99,26.25,25.83,26.110001,26.110001,33400
7/1/2015,26.18,26.52,26.110001,26.34,26.34,30000
7/2/2015,26.35,26.43,25.99,26.25,26.25,12100
7/6/2015,26.16,27.41,25.99,26.43,26.43,49300
7/7/2015,26.34,26.74,26,26.4,26.4,54800
7/8/2015,26.16,26.58,25.91,26.110001,26.110001,31000
7/9/2015,26.459999,26.620001,25.530001,25.66,25.66,50200
7/10/2015,25.870001,25.940001,25.450001,25.77,25.77,53500
7/13/2015,25.719999,26.120001,25.540001,25.719999,25.719999,30500
7/14/2015,25.559999,26.110001,25.559999,26.040001,26.040001,25500
7/15/2015,26,26.17,25.68,25.889999,25.889999,19000
7/16/2015,26.120001,26.639999,25.809999,26.48,26.48,68400
7/17/2015,26.58,26.799999,26.120001,26.280001,26.280001,32800
7/20/2015,26.440001,26.440001,25.540001,25.809999,25.809999,60000
7/21/2015,26.02,26.129999,25.780001,26.1,26.1,37500
7/22/2015,26.01,26.15,25.66,25.82,25.82,22900
7/23/2015,25.790001,26.110001,25.5,25.700001,25.700001,42200
7/24/2015,25.58,25.68,25.23,25.48,25.48,53500
7/27/2015,25.209999,25.43,24.940001,25.26,25.26,34300
7/28/2015,25.42,25.65,25.190001,25.57,25.57,18400
7/29/2015,25.4,25.9,25.4,25.77,25.77,13000
7/30/2015,25.700001,25.870001,25.469999,25.83,25.83,20300
7/31/2015,25.950001,26.23,25.639999,26.15,26.15,64700
8/3/2015,26.18,26.48,25.469999,25.809999,25.809999,42900
8/4/2015,25.84,26.18,25.52,25.66,25.66,11700
8/5/2015,25.950001,26.33,25.58,25.709999,25.709999,17400
8/6/2015,21.030001,26.299999,18.5,24.370001,24.370001,49500
8/7/2015,24.209999,24.35,23.34,23.530001,23.530001,37600
8/10/2015,23.77,24.559999,23.219999,23.66,23.66,100700
8/11/2015,23.58,24.85,23.58,24.389999,24.389999,54600
8/12/2015,24.35,26.43,23.32,24.1,24.1,27400
8/13/2015,24.209999,24.360001,23.51,23.799999,23.799999,74600
8/14/2015,23.690001,25.209999,23.690001,25.08,25.08,34500
8/17/2015,25.139999,25.139999,24.129999,24.440001,24.440001,44900
8/18/2015,24.32,24.83,23.870001,23.959999,23.959999,30000
8/19/2015,24,24,23.58,23.82,23.82,17500
8/20/2015,23.690001,23.84,23.5,23.52,23.52,23100
8/21/2015,23.1,24.52,23.1,24.43,24.43,97700
8/24/2015,23.52,24.74,21.91,23.9,23.9,39400
8/25/2015,24.57,24.57,23.139999,23.33,23.33,50200
8/26/2015,23.85,23.85,23.09,23.48,23.48,127400
8/27/2015,23.559999,24.030001,23.09,23.290001,23.290001,29800
8/28/2015,23.15,23.5,23.07,23.24,23.24,32000
8/31/2015,23.24,23.41,22.83,22.969999,22.969999,34700
9/1/2015,22.65,23.18,22.299999,22.43,22.43,48900
9/2/2015,22.65,23.07,22.459999,23.049999,23.049999,24500
9/3/2015,23.219999,23.540001,22.540001,23.02,23.02,30300
9/4/2015,22.709999,23.16,22.639999,23.01,23.01,18500
9/8/2015,23.35,23.42,23.07,23.17,23.17,19900
9/9/2015,23.379999,23.450001,22.82,22.9,22.9,20700
9/10/2015,22.93,23.209999,22.629999,22.719999,22.719999,55900
9/11/2015,22.549999,23.27,22.450001,23.059999,23.059999,35800
9/14/2015,23.16,23.16,22.889999,22.950001,22.950001,14400
9/15/2015,23.049999,23.35,22.85,23.09,23.09,26100
9/16/2015,23.25,23.459999,23.07,23.32,23.32,36200
9/17/2015,23.42,23.42,23.02,23.08,23.08,22300
9/18/2015,22.74,23.440001,22.74,23.110001,23.110001,60200
9/21/2015,23.27,23.540001,22.65,23.209999,23.209999,59200
9/22/2015,23.129999,23.129999,22.5,23,23,39500
9/23/2015,23.139999,23.16,22.629999,23.07,23.07,36700
9/24/2015,23.059999,23.34,23.059999,23.24,23.24,43600
9/25/2015,23.42,23.540001,23.09,23.190001,23.190001,40200
9/28/2015,23.200001,23.280001,22.52,22.700001,22.700001,35100
9/29/2015,22.790001,23.42,22.610001,23.290001,23.290001,61500
9/30/2015,23.469999,23.6,22.889999,23.15,23.15,45700
10/1/2015,22.969999,23.139999,22.49,22.92,22.92,38500
10/2/2015,22.540001,22.57,21.66,22.110001,22.110001,65100
10/5/2015,22.24,23.02,22.129999,22.799999,22.799999,42900
10/6/2015,22.85,22.85,22.33,22.440001,22.440001,33300
10/7/2015,22.5,23,22.299999,22.959999,22.959999,40200
10/8/2015,23.08,23.9,22.93,23.809999,23.809999,21000
10/9/2015,23.940001,23.940001,23.5,23.709999,23.709999,23300
10/12/2015,23.75,24.07,23.459999,23.99,23.99,14100
10/13/2015,23.889999,24.1,23.860001,24,24,31200
10/14/2015,24,24.540001,23.91,24.370001,24.370001,50800
10/15/2015,23.73,25.15,23.73,25.129999,25.129999,27900
10/16/2015,25.209999,25.27,24.26,24.73,24.73,40500
10/19/2015,24.719999,25.120001,24.629999,25.01,25.01,12400
10/20/2015,24.77,25.09,24.360001,24.98,24.98,25900
10/21/2015,24.98,24.98,23.809999,23.83,23.83,17500
10/22/2015,24.02,24.49,23.93,24.48,24.48,27500
10/23/2015,24.67,25.01,24.360001,24.99,24.99,21800
10/26/2015,25.02,25.030001,24.530001,24.719999,24.719999,21500
10/27/2015,24.41,24.93,23.58,23.870001,23.870001,45000
10/28/2015,24.040001,25.66,24.040001,25.6,25.6,38000
10/29/2015,25.34,25.889999,24.889999,24.969999,24.969999,27100
10/30/2015,24.93,25.700001,24.93,25.5,25.5,40600
11/2/2015,25.42,25.950001,25.049999,25.93,25.93,27400
11/3/2015,25.799999,26.379999,25.66,26.26,26.26,58000
11/4/2015,26.26,26.389999,26.01,26.25,26.25,86500
11/5/2015,26.34,26.379999,25.66,25.66,25.66,28400
11/6/2015,25.58,25.66,24.73,25.59,25.59,34900
11/9/2015,25.6,26.030001,24.049999,24.120001,24.120001,69500
11/10/2015,24.129999,24.469999,23.360001,24.15,24.15,40300
11/11/2015,24.77,24.77,23.700001,23.92,23.92,13600
11/12/2015,23.9,24.26,23.559999,24.040001,24.040001,28700
11/13/2015,23.889999,24.459999,23.700001,24.190001,24.190001,27700
11/16/2015,24.290001,24.48,23.969999,24.370001,24.370001,42400
11/17/2015,24.389999,24.700001,24.25,24.450001,24.450001,37600
11/18/2015,24.120001,24.99,23.950001,24.940001,24.940001,44900
11/19/2015,25.01,25.02,24.43,24.700001,24.700001,68500
11/20/2015,24.889999,25.190001,24.66,24.84,24.84,24800
11/23/2015,24.879999,25.379999,24.879999,25.059999,25.059999,28700
11/24/2015,24.98,25.360001,24.57,25.290001,25.290001,32500
11/25/2015,25.26,25.459999,24.99,25.4,25.4,21400
11/27/2015,25.48,25.700001,25.42,25.620001,25.620001,8800
11/30/2015,25.700001,25.700001,25,25.17,25.17,32900
12/1/2015,25.16,25.57,24.76,25,25,54000
12/2/2015,25,25,24.35,24.93,24.93,27700
12/3/2015,24.93,25.129999,24.629999,24.65,24.65,41200
12/4/2015,24.620001,24.98,24.6,24.92,24.92,21600
12/7/2015,24.889999,25.139999,24.719999,25.059999,25.059999,52300
12/8/2015,24.790001,25.08,24.76,24.84,24.84,24700
12/9/2015,24.99,25,24.389999,24.559999,24.559999,42200
12/10/2015,24.51,24.790001,24.049999,24.1,24.1,25600
12/11/2015,23.75,24.08,23.57,23.610001,23.610001,34900
12/14/2015,23.459999,23.559999,22.91,23.110001,23.110001,47200
12/15/2015,23.26,23.91,23.01,23.6,23.6,28800
12/16/2015,23.690001,24.209999,23.41,24.1,24.1,39300
12/17/2015,24.129999,24.709999,23.530001,24.01,24.01,42100
12/18/2015,23.870001,24.27,23.59,24.049999,24.049999,243300
12/21/2015,24.110001,24.74,23.709999,24.469999,24.469999,54600
12/22/2015,24.41,25.059999,23.950001,24.889999,24.889999,34900
12/23/2015,25,25.09,24.440001,24.639999,24.639999,73400
12/24/2015,24.540001,24.860001,24.120001,24.219999,24.219999,13700
12/28/2015,24.41,24.6,24.139999,24.389999,24.389999,26200
12/29/2015,24.49,24.959999,24.17,24.530001,24.530001,25500
12/30/2015,24.58,24.879999,24.33,24.389999,24.389999,35200
12/31/2015,24.379999,24.540001,23.9,23.9,23.9,38800
1/4/2016,23.629999,24.26,23.26,24,24,69700
1/5/2016,24.01,24.389999,23.73,24.15,24.15,36000
1/6/2016,23.9,24.35,23.780001,23.950001,23.950001,31500
1/7/2016,23.620001,24.860001,22.969999,23.790001,23.790001,53200
1/8/2016,23.67,23.799999,23.5,23.59,23.59,68800
1/11/2016,23.639999,23.85,22.639999,23.469999,23.469999,33400
1/12/2016,23.74,23.74,21.92,22.27,22.27,56300
1/13/2016,22.219999,22.780001,21.23,21.51,21.51,43200
1/14/2016,21.58,21.98,21.440001,21.780001,21.780001,48800
1/15/2016,21.299999,21.809999,20.870001,21.43,21.43,51000
1/19/2016,21.65,21.65,20.67,21.35,21.35,40600
1/20/2016,21.26,22.18,20.889999,22.09,22.09,44300
1/21/2016,22.139999,22.16,21.73,22.01,22.01,35200
1/22/2016,22.209999,22.83,21.799999,22.23,22.23,42100
1/25/2016,22.110001,22.440001,21.629999,21.67,21.67,32800
1/26/2016,21.84,21.959999,21.379999,21.5,21.5,33600
1/27/2016,21.450001,21.549999,21.08,21.15,21.15,32600
1/28/2016,21.4,21.84,20.92,21.33,21.33,91700
1/29/2016,21.48,22.549999,21.48,22.450001,22.450001,116000
2/1/2016,22.360001,22.99,21.469999,22.25,22.25,49100
2/2/2016,22.01,22.18,21.620001,21.940001,21.940001,61800
2/3/2016,22.040001,22.530001,21.35,22.190001,22.190001,47300
2/4/2016,22.07,22.51,21.469999,21.790001,21.790001,58600
2/5/2016,21.67,22.16,21.42,21.809999,21.809999,59500
2/8/2016,21.76,22.58,21.16,22.450001,22.450001,45400
2/9/2016,22.309999,22.84,21.629999,22.49,22.49,19800
2/10/2016,22.549999,23.1,22.5,22.74,22.74,24300
2/11/2016,22.4,22.799999,21.610001,22.629999,22.629999,28200
2/12/2016,22.85,23.5,22.83,23.290001,23.290001,63500
2/16/2016,23.610001,24.01,23.459999,23.809999,23.809999,35900
2/17/2016,23.92,24.49,23.639999,24.309999,24.309999,46500
2/18/2016,24.32,24.5,23.9,24.33,24.33,25200
2/19/2016,24.299999,24.459999,24.1,24.18,24.18,20800
2/22/2016,24.370001,24.950001,24.370001,24.559999,24.559999,59000
2/23/2016,24.389999,24.92,24.33,24.370001,24.370001,36600
2/24/2016,24.27,24.950001,24.27,24.75,24.75,35300
2/25/2016,24.77,24.92,24.459999,24.6,24.6,35200
2/26/2016,24.559999,24.84,23.610001,23.91,23.91,43200
2/29/2016,24.030001,25,23.4,24.969999,24.969999,64400
3/1/2016,25,25,23.4,23.85,23.85,88000
3/2/2016,23.780001,23.879999,23.34,23.639999,23.639999,42100
3/3/2016,23.75,23.75,23.049999,23.1,23.1,46900
3/4/2016,23.1,23.1,22.41,22.799999,22.799999,53500
3/7/2016,22.889999,23.639999,22.889999,23.639999,23.639999,68000
3/8/2016,23.469999,23.99,23.4,23.620001,23.620001,32500
3/9/2016,24.030001,24.09,23.709999,23.959999,23.959999,29400
3/10/2016,24,24,23.209999,23.42,23.42,25000
3/11/2016,23.459999,23.65,23.18,23.48,23.48,36900
3/14/2016,23.299999,23.459999,22.969999,23.01,23.01,15700
3/15/2016,22.85,23.040001,22.57,22.65,22.65,19700
3/16/2016,22.690001,23.34,22.690001,23.1,23.1,26600
3/17/2016,23.129999,23.92,23.09,23.75,23.75,30200
3/18/2016,23.93,24.030001,23.5,23.629999,23.629999,99900
3/21/2016,23.690001,23.879999,23.370001,23.57,23.57,31700
3/22/2016,23.690001,23.83,23.24,23.27,23.27,20900
3/23/2016,23.290001,23.290001,22.9,23.040001,23.040001,32400
3/24/2016,23.030001,23.940001,23,23.73,23.73,36700
3/28/2016,23.809999,23.809999,23.02,23.639999,23.639999,25200
3/29/2016,23.549999,23.629999,23.110001,23.360001,23.360001,45900
3/30/2016,23.4,24.23,23.4,24.07,24.07,45700
3/31/2016,24,24.26,23.85,24.059999,24.059999,59500
4/1/2016,23.83,24.15,23.700001,23.83,23.83,69600
4/4/2016,23.9,24.030001,23.209999,23.23,23.23,39400
4/5/2016,23.120001,23.4,22.440001,22.549999,22.549999,67800
4/6/2016,22.16,22.42,21.610001,21.940001,21.940001,39500
4/7/2016,21.809999,22.280001,21.15,21.360001,21.360001,50600
4/8/2016,21.450001,21.700001,20.959999,21.129999,21.129999,34500
4/11/2016,21.34,21.450001,20.9,20.969999,20.969999,38400
4/12/2016,20.959999,21.450001,20.93,21.09,21.09,23000
4/13/2016,21.27,21.99,21.049999,21.92,21.92,47500
4/14/2016,21.860001,22.18,21.639999,21.790001,21.790001,25200
4/15/2016,21.67,22.43,21.67,22.299999,22.299999,35500
4/18/2016,22.6,22.719999,22.15,22.59,22.59,28800
4/19/2016,22.530001,22.959999,22.450001,22.66,22.66,24400
4/20/2016,22.59,22.700001,22.25,22.559999,22.559999,17400
4/21/2016,22.530001,22.530001,22.209999,22.370001,22.370001,82000
4/22/2016,22.42,22.66,22.42,22.530001,22.530001,25300
4/25/2016,22.309999,22.540001,22.299999,22.41,22.41,23700
4/26/2016,22.700001,22.85,22.5,22.75,22.75,18100
4/27/2016,23,23.07,22.459999,22.76,22.76,17300
4/28/2016,21.959999,22.780001,21.24,22.42,22.42,26900
4/29/2016,22.35,22.42,21.74,22.280001,22.280001,22500
5/2/2016,22.35,22.52,21.01,22.23,22.23,19900
5/3/2016,21.969999,22.299999,21.440001,21.950001,21.950001,69600
5/4/2016,21.629999,22.040001,20.99,21.299999,21.299999,25700
5/5/2016,21.389999,21.57,20.48,20.75,20.75,18400
5/6/2016,20.719999,21.530001,20.41,21.52,21.52,59000
5/9/2016,21.35,21.67,21.35,21.57,21.57,28200
5/10/2016,21.799999,22.709999,21.799999,22.6,22.6,30200
5/11/2016,22.389999,22.559999,22.040001,22.280001,22.280001,141400
5/12/2016,22.26,22.629999,22.139999,22.469999,22.469999,24800
5/13/2016,22.290001,22.690001,21.99,22.24,22.24,37700
5/16/2016,22.200001,22.85,21.780001,22.549999,22.549999,21600
5/17/2016,22.540001,22.549999,21.299999,21.360001,21.360001,334300
5/18/2016,21.25,22.25,21.07,21.85,21.85,30700
5/19/2016,21.620001,22.1,21.25,21.540001,21.540001,24200
5/20/2016,21.690001,21.84,21.43,21.780001,21.780001,27600
5/23/2016,21.719999,22.01,21.1,21.959999,21.959999,43700
5/24/2016,21.9,22.59,21.9,22.49,22.49,97200
5/25/2016,22.540001,22.6,22.360001,22.4,22.4,49200
5/26/2016,22.299999,22.540001,22.209999,22.25,22.25,19600
5/27/2016,22.17,22.540001,22.17,22.51,22.51,20000
5/31/2016,22.42,22.459999,22.15,22.32,22.32,40000
6/1/2016,22.110001,23.26,22,23.17,23.17,70700
6/2/2016,23.9,23.9,23.139999,23.4,23.4,39600
6/3/2016,23.48,23.48,22.530001,22.639999,22.639999,51600
6/6/2016,22.67,22.860001,22.120001,22.459999,22.459999,37800
6/7/2016,22.5,22.709999,22,22.209999,22.209999,161100
6/8/2016,22.040001,22.49,22.040001,22.25,22.25,75700
6/9/2016,21.809999,22.74,21.809999,22.59,22.59,119600
6/10/2016,22.299999,22.790001,22.16,22.59,22.59,39900
6/13/2016,23.049999,23.620001,22.530001,23.459999,23.459999,60600
6/14/2016,23.42,24.190001,23.41,23.98,23.98,56500
6/15/2016,23.790001,24,23.41,23.440001,23.440001,36200
6/16/2016,23.370001,23.629999,22.719999,23.58,23.58,70000
6/17/2016,23.620001,24.059999,23.209999,24.040001,24.040001,165000
6/20/2016,24.059999,24.23,23.290001,23.370001,23.370001,56700
6/21/2016,23.4,23.549999,23.040001,23.23,23.23,37500
6/22/2016,23.26,23.450001,22.91,23.08,23.08,71700
6/23/2016,23.290001,24.18,23.15,23.860001,23.860001,126800
6/24/2016,23.75,24.16,23.459999,23.83,23.83,180800
6/27/2016,23.629999,24.379999,22.370001,22.639999,22.639999,71500
6/28/2016,22.83,23.16,22.440001,22.6,22.6,102100
6/29/2016,22.83,23.16,22.5,22.639999,22.639999,65700
6/30/2016,22.639999,23.389999,22.33,22.58,22.58,81000
7/1/2016,22.469999,23.74,22.469999,23.43,23.43,43000
7/5/2016,23.43,23.91,23.35,23.74,23.74,37000
7/6/2016,23.690001,24.370001,23.549999,24.24,24.24,72200
7/7/2016,24.43,24.49,23.5,23.690001,23.690001,44300
7/8/2016,24.01,24.5,23.799999,24.360001,24.360001,63100
7/11/2016,24.34,24.5,24.290001,24.440001,24.440001,36100
7/12/2016,24.5,24.950001,24,24.48,24.48,84900
7/13/2016,24.6,24.9,24.23,24.809999,24.809999,41900
7/14/2016,24.84,25.16,24.799999,24.870001,24.870001,72200
7/15/2016,25.02,25.120001,24.73,24.860001,24.860001,91100
7/18/2016,24.809999,25.18,24.73,24.870001,24.870001,41000
7/19/2016,24.92,24.92,24.549999,24.66,24.66,46700
7/20/2016,24.799999,24.950001,24.59,24.629999,24.629999,36500
7/21/2016,24.540001,24.860001,24.34,24.51,24.51,45900
7/22/2016,24.48,24.780001,24.48,24.57,24.57,53200
7/25/2016,24.34,24.790001,24.32,24.59,24.59,51900
7/26/2016,24.700001,24.92,24.42,24.870001,24.870001,44000
7/27/2016,24.9,24.9,24.25,24.33,24.33,45600
7/28/2016,24.84,24.84,23.91,24.049999,24.049999,73700
7/29/2016,24.139999,24.450001,23.870001,24.030001,24.030001,139200
8/1/2016,24.120001,24.389999,23.950001,24.27,24.27,44800
8/2/2016,24.17,24.290001,23.940001,24.049999,24.049999,26400
8/3/2016,24.07,24.23,23.709999,24.209999,24.209999,39400
8/4/2016,24.440001,24.75,23.6,24.129999,24.129999,53700
8/5/2016,24.32,24.799999,23.6,24.42,24.42,103100
8/8/2016,24.51,24.690001,24.059999,24.190001,24.190001,65400
8/9/2016,24.35,24.59,24.290001,24.42,24.42,50100
8/10/2016,24.35,24.709999,24.110001,24.540001,24.540001,22100
8/11/2016,24.49,25.139999,24.49,25.01,25.01,40300
8/12/2016,24.99,25.02,24.559999,24.950001,24.950001,18000
8/15/2016,24.9,25.32,24.610001,25.16,25.16,20100
8/16/2016,25.040001,25.23,24.73,25.01,25.01,23200
8/17/2016,24.92,25.030001,24.48,24.780001,24.780001,43800
8/18/2016,24.74,25.1,24.73,24.91,24.91,31600
8/19/2016,24.9,25.200001,24.74,24.959999,24.959999,40500
8/22/2016,24.66,25.18,24.6,25.08,25.08,32800
8/23/2016,25.040001,25.59,24.870001,25.530001,25.530001,100100
8/24/2016,25.370001,25.73,25.280001,25.440001,25.440001,27100
8/25/2016,25.82,25.82,24.9,25.17,25.17,69300
8/26/2016,25.440001,25.530001,24.780001,24.889999,24.889999,34800
8/29/2016,25.17,25.34,24.690001,24.77,24.77,26500
8/30/2016,24.84,25.139999,24.809999,25.09,25.09,14100
8/31/2016,25.34,25.34,24.73,25,25,38700
9/1/2016,25,25.280001,24.34,24.870001,24.870001,44100
9/2/2016,24.92,25.459999,24.92,25.43,25.43,24700
9/6/2016,25.58,25.709999,25.09,25.15,25.15,21700
9/7/2016,25.15,25.290001,25.059999,25.1,25.1,25700
9/8/2016,24.940001,25.450001,24.940001,25.299999,25.299999,33100
9/9/2016,25.299999,25.299999,25.1,25.190001,25.190001,95000
9/12/2016,25,25.209999,24.950001,25.209999,25.209999,37200
9/13/2016,25.030001,25.139999,24.9,24.99,24.99,40800
9/14/2016,25,25.15,24.51,24.780001,24.780001,25100
9/15/2016,24.799999,25.02,24.610001,24.870001,24.870001,35000
9/16/2016,24.959999,25.190001,24.74,25.049999,25.049999,72600
9/19/2016,25.040001,25.139999,24.690001,24.959999,24.959999,18900
9/20/2016,25.129999,25.440001,24.84,25.16,25.16,55300
9/21/2016,25.1,25.290001,24.940001,25.18,25.18,30200
9/22/2016,25.360001,25.969999,25.309999,25.92,25.92,39900
9/23/2016,25.75,25.950001,25.51,25.809999,25.809999,23600
9/26/2016,25.780001,25.790001,25.27,25.34,25.34,22400
9/27/2016,25.35,25.809999,25.290001,25.65,25.65,24900
9/28/2016,25.4,26.02,25.4,25.98,25.98,84300
9/29/2016,25.82,26,25.26,25.33,25.33,32900
9/30/2016,25.52,25.809999,25.4,25.57,25.57,51300
10/3/2016,25.389999,25.709999,25.15,25.25,25.25,70200
10/4/2016,25.1,25.450001,24.950001,25.07,25.07,43400
10/5/2016,25.18,25.709999,25.18,25.440001,25.440001,27900
10/6/2016,25.26,25.389999,25.110001,25.190001,25.190001,8500
10/7/2016,25.139999,25.35,25,25.01,25.01,27000
10/10/2016,25.200001,25.290001,24.83,24.91,24.91,61300
10/11/2016,24.809999,24.809999,23.99,24.26,24.26,46000
10/12/2016,24.33,24.549999,24.09,24.360001,24.360001,38600
10/13/2016,24.23,24.23,23.370001,23.889999,23.889999,38000
10/14/2016,24.08,24.08,23.67,23.76,23.76,66400
10/17/2016,23.799999,24,23.65,23.700001,23.700001,22000
10/18/2016,23.799999,24,23.4,23.700001,23.700001,38000
10/19/2016,23.700001,24.1,23.700001,23.799999,23.799999,34400
10/20/2016,24.030001,24.299999,23.700001,24.200001,24.200001,50300
10/21/2016,24,24.75,23.799999,24.35,24.35,33400
10/24/2016,24.549999,24.85,24.049999,24.75,24.75,30300
10/25/2016,25.299999,25.549999,24.450001,24.799999,24.799999,17600
10/26/2016,24.85,25.200001,24.6,24.85,24.85,44500
10/27/2016,25,25,23.950001,24.549999,24.549999,25000
10/28/2016,24.450001,24.75,22.6,24.65,24.65,23100
10/31/2016,24.799999,25.4,24.5,25.200001,25.200001,80000
11/1/2016,25.200001,25.25,24.700001,24.75,24.75,69100
11/2/2016,24.98,25,24.450001,24.65,24.65,49300
11/3/2016,24.700001,26.6,24.700001,25.299999,25.299999,22800
11/4/2016,25.4,25.950001,24.65,24.700001,24.700001,42500
11/7/2016,25,25.799999,24.700001,24.950001,24.950001,37200
11/8/2016,24.700001,25.25,24.530001,25.1,25.1,22100
11/9/2016,25.049999,25.65,24.73,25.450001,25.450001,57200
11/10/2016,25.5,26,25,25.6,25.6,104800
11/11/2016,25.75,26,25.4,25.700001,25.700001,195500
11/14/2016,26.049999,26.6,25.700001,26.25,26.25,58500
11/15/2016,26.1,26.799999,26.1,26.549999,26.549999,54700
11/16/2016,26.549999,26.950001,26.15,26.950001,26.950001,73600
11/17/2016,26.9,27.799999,26.85,27.75,27.75,123800
11/18/2016,27.950001,27.950001,27.549999,27.799999,27.799999,79900
11/21/2016,28,28,27.700001,27.799999,27.799999,48300
11/22/2016,27.85,28,27.4,27.700001,27.700001,106500
11/23/2016,27.549999,28.35,27.549999,28.299999,28.299999,65000
11/25/2016,28.15,28.9,28.15,28.9,28.9,18600
11/28/2016,30.299999,30.299999,28.25,28.549999,28.549999,44900
11/29/2016,28.65,28.700001,27.66,27.700001,27.700001,36300
11/30/2016,27.549999,27.799999,27.049999,27.75,27.75,78100
12/1/2016,27.6,28,27.6,27.700001,27.700001,27300
12/2/2016,27.65,28,27.549999,27.950001,27.950001,58800
12/5/2016,27.950001,28.049999,27.450001,28.049999,28.049999,67800
12/6/2016,28.049999,28.200001,27.9,28.1,28.1,69200
12/7/2016,28.049999,28.299999,27.75,28.200001,28.200001,56800
12/8/2016,28.049999,28.549999,27.6,27.700001,27.700001,172100
12/9/2016,27.85,28.15,27.65,28.1,28.1,167400
12/12/2016,28.299999,28.9,28.25,28.4,28.4,103700
12/13/2016,28.4,28.549999,27.950001,28.200001,28.200001,51200
12/14/2016,28.299999,28.5,27.799999,27.950001,27.950001,48200
12/15/2016,28.049999,28.5,27.9,28.15,28.15,61300
12/16/2016,28.299999,29.35,28.049999,29.200001,29.200001,153900
12/19/2016,29,29.139999,28.700001,29.049999,29.049999,58700
12/20/2016,29.049999,29.200001,28.799999,29,29,38200
12/21/2016,28.85,28.9,28.6,28.700001,28.700001,32000
12/22/2016,28.35,28.75,28.200001,28.35,28.35,23700
12/23/2016,28.5,28.6,28.200001,28.5,28.5,17200
12/27/2016,28.4,28.9,28.25,28.75,28.75,21000
12/28/2016,28.799999,29.049999,28.5,29,29,56100
12/29/2016,29,29.1,28.4,28.799999,28.799999,60600
12/30/2016,28.700001,28.700001,28.049999,28.15,28.15,49100
1/3/2017,28.4,29.200001,28.299999,28.9,28.9,57700
1/4/2017,29.049999,29.35,28.549999,29.299999,29.299999,37200
1/5/2017,29.450001,29.450001,28.700001,28.75,28.75,56600
1/6/2017,28.9,28.9,28.299999,28.549999,28.549999,24500
1/9/2017,28.4,28.4,28.1,28.1,28.1,22400
1/10/2017,27.950001,28.75,27.950001,28.700001,28.700001,82000
1/11/2017,28.4,28.85,28.4,28.85,28.85,44400
1/12/2017,28.799999,29.01,28.35,28.5,28.5,60300
1/13/2017,28.700001,28.85,28.450001,28.549999,28.549999,43500
1/17/2017,28.35,28.549999,28,28.299999,28.299999,40300
1/18/2017,28.450001,28.6,27.9,28.15,28.15,38600
1/19/2017,28.1,28.5,27.799999,28.200001,28.200001,70800
1/20/2017,28.200001,28.700001,28.049999,28.200001,28.200001,100400
1/23/2017,28,28.6,27.950001,28.5,28.5,107900
1/24/2017,28.5,28.85,28.15,28.299999,28.299999,58400
1/25/2017,28.5,28.709999,28.34,28.549999,28.549999,52300
1/26/2017,28.6,28.65,28.299999,28.4,28.4,20200
1/27/2017,28.4,28.450001,28.049999,28.200001,28.200001,25500
1/30/2017,28,28,27.6,27.700001,27.700001,27500
1/31/2017,27.6,27.9,27.1,27.700001,27.700001,89500
2/1/2017,27.950001,28,27.4,27.6,27.6,85000
2/2/2017,27.6,27.75,27.200001,27.549999,27.549999,33100
2/3/2017,27.6,28.299999,27.35,28.200001,28.200001,188200
2/6/2017,28.25,28.25,27.6,27.700001,27.700001,29700
2/7/2017,27.65,27.85,27.450001,27.6,27.6,24200
2/8/2017,27.450001,27.65,27.049999,27.4,27.4,33100
2/9/2017,27.35,27.75,27.15,27.65,27.65,31700
2/10/2017,27.799999,28.15,27.74,28.049999,28.049999,17800
2/13/2017,28.299999,28.299999,28,28.15,28.15,29600
2/14/2017,28.200001,28.25,27.9,28.15,28.15,36600
2/15/2017,28,28.450001,27.85,28.4,28.4,15900
2/16/2017,28.5,28.5,28.18,28.4,28.4,32800
2/17/2017,28.4,28.549999,28.200001,28.25,28.25,27900
2/21/2017,28.35,28.450001,28.1,28.25,28.25,16700
2/22/2017,28,28.15,27.700001,28,28,24900
2/23/2017,29.25,32.080002,29.25,30.4,30.4,156300
2/24/2017,30.450001,32.5,29.950001,31.4,31.4,228200
2/27/2017,31.75,32,30.65,31.799999,31.799999,197400
2/28/2017,31.9,32.400002,31.549999,32.25,32.25,105300
3/1/2017,32.849998,34.349998,32.849998,33,33,150500
3/2/2017,33,34,32.849998,33.650002,33.650002,72900
3/3/2017,33.799999,33.950001,33.299999,33.799999,33.799999,66300
3/6/2017,34.450001,38.549999,33.200001,33.25,33.25,99900
3/7/2017,33.25,34.299999,33.25,33.400002,33.400002,43500
3/8/2017,33.5,33.549999,33.25,33.450001,33.450001,30300
3/9/2017,33.299999,33.700001,31.6,32.450001,32.450001,199500
3/10/2017,32.799999,34.099998,32.799999,34,34,99700
3/13/2017,34.25,34.25,33.549999,34.099998,34.099998,102500
3/14/2017,33.849998,34,32.349998,33.849998,33.849998,56600
3/15/2017,34,35.200001,33.950001,35.200001,35.200001,101700
3/16/2017,34.900002,35.150002,34.25,34.5,34.5,116100
3/17/2017,34.349998,35.599998,34.200001,35.549999,35.549999,184300
3/20/2017,36,36.650002,34.75,34.849998,34.849998,192400
3/21/2017,35.049999,35.400002,34,34.099998,34.099998,85700
3/22/2017,33.950001,34.150002,33.150002,33.549999,33.549999,115800
3/23/2017,33.549999,34.549999,33.349998,34.200001,34.200001,128100
3/24/2017,34.25,34.549999,33.650002,33.799999,33.799999,71500
3/27/2017,33.099998,34.150002,32.450001,33.849998,33.849998,102400
3/28/2017,33.799999,33.799999,33.349998,33.549999,33.549999,101300
3/29/2017,33.549999,33.950001,33.25,33.900002,33.900002,107600
3/30/2017,33.849998,34,33.400002,33.650002,33.650002,56200
3/31/2017,33.5,34.049999,33.5,33.75,33.75,85600
4/3/2017,33.599998,33.75,32.700001,32.900002,32.900002,137300
4/4/2017,32.549999,33.450001,32.549999,33.349998,33.349998,95700
4/5/2017,33.400002,33.700001,32.799999,32.900002,32.900002,121900
4/6/2017,33.25,33.75,32.549999,33.75,33.75,127400
4/7/2017,33.5,33.700001,32.599998,32.799999,32.799999,77500
4/10/2017,32.799999,34.5,32.599998,32.849998,32.849998,114800
4/11/2017,32.849998,33.099998,32.700001,32.849998,32.849998,67000
4/12/2017,32.950001,33,32.5,32.650002,32.650002,58100
4/13/2017,32.599998,32.75,32.200001,32.400002,32.400002,79700
4/17/2017,32.400002,32.799999,32.150002,32.650002,32.650002,68800
4/18/2017,32.549999,33.150002,32.5,32.950001,32.950001,55900
4/19/2017,33.049999,33.279999,32.700001,33,33,70900
4/20/2017,33,33.5,32.599998,33.049999,33.049999,85600
4/21/2017,33.049999,33.349998,32.900002,32.950001,32.950001,70500
4/24/2017,33.200001,33.450001,33.049999,33.299999,33.299999,212100
4/25/2017,33.5,34.75,33.25,33.5,33.5,257600
4/26/2017,33.650002,35.200001,33.599998,35,35,240900
4/27/2017,35.099998,35.650002,34.700001,35.049999,35.049999,127900
4/28/2017,35.150002,35.150002,34.349998,34.450001,34.450001,89500
5/1/2017,34.400002,34.650002,32.68,34.299999,34.299999,119900
5/2/2017,34.450001,34.5,33.700001,34.099998,34.099998,147900
5/3/2017,35,36.200001,31.799999,32.349998,32.349998,252500
5/4/2017,32.349998,32.5,31.35,32.349998,32.349998,129900
5/5/2017,32.349998,32.400002,31.15,31.35,31.35,116300
5/8/2017,31.1,31.6,30.799999,31.4,31.4,103900
5/9/2017,31.5,32,31.4,31.75,31.75,98100
5/10/2017,31.700001,31.799999,31,31.700001,31.700001,141200
5/11/2017,29.700001,29.85,29,29.379999,29.379999,1788000
5/12/2017,29.1,30,29.1,29.450001,29.450001,831600
5/15/2017,29.75,30,29.15,29.25,29.25,321500
5/16/2017,29.200001,29.799999,28.700001,29.549999,29.549999,366000
5/17/2017,29.25,29.25,28.5,28.700001,28.700001,250200
5/18/2017,28.65,28.75,28.1,28.299999,28.299999,183800
5/19/2017,28.299999,28.9,28.15,28.65,28.65,361200
5/22/2017,28.65,29.200001,28.549999,29.200001,29.200001,193200
5/23/2017,29.25,29.4,28.9,29.1,29.1,128900
5/24/2017,29.15,29.65,29.049999,29.4,29.4,143500
5/25/2017,29.5,29.700001,29.25,29.25,29.25,207100
5/26/2017,29.200001,29.4,28.799999,29.4,29.4,217400
5/30/2017,29.15,29.35,28.75,29,29,136500
5/31/2017,29.1,29.6,28.700001,29.5,29.5,109600
6/1/2017,29.549999,29.9,29.35,29.75,29.75,93600
6/2/2017,29.85,30.1,29.549999,29.65,29.65,178600
6/5/2017,29.450001,30.049999,28.92,29.65,29.65,155900
6/6/2017,29.5,29.65,29.299999,29.450001,29.450001,148100
6/7/2017,28.809999,29.799999,28.809999,29.5,29.5,68700
6/8/2017,29.6,29.950001,29.43,29.75,29.75,228900
6/9/2017,29.85,30.1,29.75,29.950001,29.950001,166900
6/12/2017,29.9,30.18,29.65,29.85,29.85,175400
6/13/2017,30,30.200001,29.799999,30.15,30.15,105400
6/14/2017,30.25,30.5,30.030001,30.35,30.35,251800
6/15/2017,29.950001,30.25,29.700001,30,30,215500
6/16/2017,29.799999,30.35,29.65,30.1,30.1,315100
6/19/2017,30.200001,30.450001,30.049999,30.25,30.25,122400
6/20/2017,30.25,30.299999,29.35,29.4,29.4,124900
6/21/2017,29.4,29.85,29.299999,29.4,29.4,373500
6/22/2017,28.85,29.75,28.799999,28.85,28.85,337100
6/23/2017,28.950001,29.4,28.799999,29.299999,29.299999,773300
6/26/2017,29.299999,29.9,29.23,29.799999,29.799999,236900
6/27/2017,29.75,30.25,29.5,30.15,30.15,177400
6/28/2017,30.25,31.200001,30.15,31.15,31.15,221700
6/29/2017,31.25,31.35,30.700001,31.1,31.1,222900
6/30/2017,31.049999,31.25,30.299999,30.549999,30.549999,386700
7/3/2017,30.799999,30.85,30.25,30.299999,30.299999,51700
7/5/2017,30.200001,30.360001,29.700001,30.299999,30.299999,102100
7/6/2017,30.1,30.299999,29.6,29.700001,29.700001,121100
7/7/2017,30.049999,31.299999,29.9,31.299999,31.299999,198000
7/10/2017,31.299999,32.25,31.200001,32,32,330600
7/11/2017,32,32.560001,31.049999,31.450001,31.450001,192800
7/12/2017,31.6,32,31.4,31.700001,31.700001,105900
7/13/2017,31.65,31.799999,31.15,31.6,31.6,123300
7/14/2017,31.549999,31.85,31.25,31.299999,31.299999,272400
7/17/2017,31.4,31.65,31.1,31.4,31.4,82300
7/18/2017,31.25,31.799999,31.15,31.700001,31.700001,92500
7/19/2017,31.700001,32.400002,31.65,32.049999,32.049999,156900
7/20/2017,32.099998,34.450001,32.099998,32.400002,32.400002,115400
7/21/2017,32.549999,32.75,32.200001,32.25,32.25,125600
7/24/2017,32.25,32.549999,32.049999,32.349998,32.349998,211900
7/25/2017,32.5,32.779999,32.349998,32.650002,32.650002,140000
7/26/2017,32.599998,33,32.25,32.5,32.5,92600
7/27/2017,32.599998,32.599998,32.049999,32.349998,32.349998,116200
7/28/2017,32.299999,32.700001,32.150002,32.650002,32.650002,70200
7/31/2017,32.799999,32.950001,32.25,32.700001,32.700001,78700
8/1/2017,32.799999,32.849998,32.5,32.799999,32.799999,84300
8/2/2017,35,36,33.75,34.400002,34.400002,276900
8/3/2017,34.450001,34.900002,34,34.549999,34.549999,206800
8/4/2017,34.599998,34.950001,34.299999,34.900002,34.900002,252100
8/7/2017,35,35.25,34.799999,35.049999,35.049999,130200
8/8/2017,35.099998,35.299999,34.650002,34.950001,34.950001,337700
8/9/2017,34.849998,35.450001,34.75,34.950001,34.950001,141000
8/10/2017,35,35.650002,34.75,35.549999,35.549999,187600
8/11/2017,35.5,35.75,35.25,35.400002,35.400002,161500
8/14/2017,35.650002,36.450001,35.349998,36.150002,36.150002,200800
8/15/2017,36.099998,36.200001,35.799999,35.900002,35.900002,172700
8/16/2017,36.099998,36.279999,35.75,35.849998,35.849998,137700
8/17/2017,35.700001,35.950001,35.400002,35.549999,35.549999,164900
8/18/2017,35.299999,35.849998,35.150002,35.5,35.5,174000
8/21/2017,35.400002,35.919998,35.299999,35.849998,35.849998,114000
8/22/2017,35.900002,37,35.900002,36.900002,36.900002,145500
8/23/2017,36.599998,37.150002,36.599998,36.900002,36.900002,130900
8/24/2017,36.950001,37.200001,36.650002,37,37,110600
8/25/2017,37,37.599998,36.950001,37.299999,37.299999,115300
8/28/2017,37.349998,37.650002,37.099998,37.400002,37.400002,73700
8/29/2017,37.400002,37.599998,36.849998,37.299999,37.299999,340700
8/30/2017,37.349998,37.43,36.799999,36.950001,36.950001,109700
8/31/2017,37.049999,37.349998,36.75,36.900002,36.900002,129000
9/1/2017,37,37.25,36.700001,37.200001,37.200001,194900
9/5/2017,37.150002,37.400002,36.799999,37.25,37.25,146600
9/6/2017,37.299999,37.75,37.150002,37.349998,37.349998,224400
9/7/2017,37.5,37.5,37,37.099998,37.099998,203700
9/8/2017,37.099998,37.099998,36.599998,36.900002,36.900002,118000
9/11/2017,37.150002,37.25,36.900002,37.049999,37.049999,177300
9/12/2017,37.25,37.450001,36.950001,37.450001,37.450001,166000
9/13/2017,37.400002,37.450001,37,37.150002,37.150002,73600
9/14/2017,37.049999,37.200001,36.5,36.700001,36.700001,95900
9/15/2017,36.75,37.650002,36.549999,37.400002,37.400002,245500
9/18/2017,37.25,37.450001,36.849998,37.150002,37.150002,123300
9/19/2017,37.150002,37.349998,36.900002,37.200001,37.200001,135800
9/20/2017,37.200001,37.799999,37.099998,37.349998,37.349998,207100
9/21/2017,37.450001,37.799999,37.200001,37.5,37.5,93000
9/22/2017,37.400002,38.130001,37.400002,38.049999,38.049999,85700
9/25/2017,38.099998,38.450001,38.049999,38.200001,38.200001,107000
9/26/2017,38.200001,39.400002,38.200001,38.599998,38.599998,250800
9/27/2017,38.599998,39.75,38.599998,39.700001,39.700001,161500
9/28/2017,39.5,39.98,39.150002,39.75,39.75,108400
9/29/2017,39.700001,39.799999,39.349998,39.5,39.5,98500
10/2/2017,39.5,40.349998,39.299999,40.349998,40.349998,248900
10/3/2017,40.450001,40.549999,39.650002,39.900002,39.900002,148200
10/4/2017,39.950001,40.630001,39.75,40.349998,40.349998,211400
10/5/2017,40.450001,40.900002,40.23,40.450001,40.450001,128900
10/6/2017,40.450001,40.599998,40.150002,40.5,40.5,94100
10/9/2017,40.849998,41,40.400002,40.5,40.5,43600
10/10/2017,40.75,41.200001,40.5,40.73,40.73,139100
10/11/2017,40.75,41.25,40.459999,41.049999,41.049999,113200
10/12/2017,41.099998,41.25,40.709999,40.799999,40.799999,89700
10/13/2017,40.950001,41.150002,40.450001,40.5,40.5,90200
10/16/2017,40.450001,40.580002,39.799999,39.849998,39.849998,153100
10/17/2017,39.799999,40.049999,39.419998,39.5,39.5,132700
10/18/2017,39.75,39.900002,39.450001,39.599998,39.599998,150300
10/19/2017,39.400002,39.599998,39.25,39.450001,39.450001,93400
10/20/2017,39.75,39.799999,39.5,39.75,39.75,74700
10/23/2017,39.849998,40.049999,39.549999,40,40,124000
10/24/2017,40,40.400002,39.950001,40.049999,40.049999,82100
10/25/2017,40,40.150002,39.599998,39.900002,39.900002,146100
10/26/2017,39.950001,40.200001,39.900002,40,40,118600
10/27/2017,40,40.25,39.75,40.049999,40.049999,131800
10/30/2017,40.099998,40.650002,38.099998,38.700001,38.700001,149900
10/31/2017,38.75,39.169998,38.599998,38.75,38.75,187800
11/1/2017,38.700001,38.75,37.700001,38.349998,38.349998,127100
11/2/2017,39,39.849998,35.5,38.299999,38.299999,224800
11/3/2017,38.200001,38.529999,36.150002,36.450001,36.450001,207600
11/6/2017,36.5,36.849998,36.349998,36.5,36.5,70900
11/7/2017,36.549999,36.700001,35.900002,36.099998,36.099998,141100
11/8/2017,35.950001,37.049999,35.900002,36.450001,36.450001,134100
11/9/2017,36.349998,37,36.049999,36.849998,36.849998,207200
11/10/2017,36.75,37.299999,36.650002,37.049999,37.049999,105700
11/13/2017,37,37.299999,36.650002,37,37,97700
11/14/2017,36.950001,37.5,36.650002,37.349998,37.349998,191000
11/15/2017,37.049999,37.200001,36.75,36.950001,36.950001,269400
11/16/2017,37,37.900002,37,37.549999,37.549999,180200
11/17/2017,37.5,37.799999,37.23,37.450001,37.450001,151300
11/20/2017,37.549999,38.450001,37.450001,37.900002,37.900002,186100
11/21/2017,38.099998,38.849998,37.849998,38.799999,38.799999,153600
11/22/2017,38.849998,39.200001,38.700001,38.950001,38.950001,127200
11/24/2017,39.049999,39.049999,38.599998,38.700001,38.700001,23000
11/27/2017,38.849998,39.25,38.549999,38.549999,38.549999,95700
11/28/2017,38.799999,39.450001,38.650002,39.299999,39.299999,123200
11/29/2017,39.25,40.150002,39.049999,39.599998,39.599998,114400
11/30/2017,39.75,39.75,39.049999,39.200001,39.200001,90100
12/1/2017,39.200001,39.200001,38.400002,39.049999,39.049999,168900
12/4/2017,39.349998,39.849998,39.25,39.400002,39.400002,65500
12/5/2017,39.549999,39.849998,39.200001,39.349998,39.349998,118200
12/6/2017,39.349998,39.599998,38.799999,38.900002,38.900002,62900
12/7/2017,38.849998,39.450001,38.799999,39.200001,39.200001,214300
12/8/2017,39.400002,39.400002,38.599998,38.799999,38.799999,41000
12/11/2017,39,39.650002,38.599998,39.200001,39.200001,108600
12/12/2017,39.099998,39.25,38.349998,38.400002,38.400002,67700
12/13/2017,38.549999,39.299999,38.049999,38.150002,38.150002,125300
12/14/2017,38.200001,38.700001,38,38.400002,38.400002,124600
12/15/2017,38.450001,39.599998,38.349998,39.599998,39.599998,225600
12/18/2017,39.650002,40.099998,39.099998,39.200001,39.200001,127500
12/19/2017,39.349998,39.799999,39.150002,39.799999,39.799999,136900
12/20/2017,39.950001,40,38.849998,38.900002,38.900002,116100
12/21/2017,39,39.349998,38.650002,38.650002,38.650002,134800
12/22/2017,38.700001,38.700001,38.099998,38.200001,38.200001,51400
12/26/2017,38.099998,38.200001,37.849998,37.950001,37.950001,63800
12/27/2017,38,38.25,37.450001,37.5,37.5,227100
12/28/2017,37.5,37.900002,36.849998,37.200001,37.200001,112200
12/29/2017,37.200001,37.75,37,37.099998,37.099998,101000
1/2/2018,36.799999,38,36.25,37.599998,37.599998,165700
1/3/2018,37.599998,38.25,37.349998,37.849998,37.849998,133700
1/4/2018,37.950001,38.25,37.75,37.900002,37.900002,76200
1/5/2018,37.950001,38.099998,37.599998,38.049999,38.049999,123300
1/8/2018,38,38.150002,37.599998,37.650002,37.650002,68700
1/9/2018,37.700001,37.849998,37.25,37.450001,37.450001,148200
1/10/2018,37.25,37.450001,36.849998,36.950001,36.950001,97600
1/11/2018,37.049999,37.900002,36.599998,37.799999,37.799999,234600
1/12/2018,37.849998,38.259998,37.299999,38,38,80400
1/16/2018,37.950001,39.75,37.950001,38.849998,38.849998,241400
1/17/2018,39.049999,40.549999,39,40.450001,40.450001,156100
1/18/2018,40.450001,40.799999,39.950001,40.650002,40.650002,196300
1/19/2018,40.650002,41.599998,40.650002,41.349998,41.349998,190000
1/22/2018,41.150002,41.700001,40.450001,41.5,41.5,83400
1/23/2018,41.349998,41.700001,40.5,40.700001,40.700001,79800
1/24/2018,40.849998,41.150002,40.099998,40.450001,40.450001,138900
1/25/2018,40.650002,40.759998,40.240002,40.400002,40.400002,112000
1/26/2018,40.549999,41.099998,39.599998,40.049999,40.049999,114200
1/29/2018,39.950001,40.599998,39.549999,39.950001,39.950001,102400
1/30/2018,39.799999,40.150002,39.299999,39.349998,39.349998,89400
1/31/2018,39.450001,40,38.5,38.549999,38.549999,145300
2/1/2018,38.400002,39.099998,37.099998,38.75,38.75,154900
2/2/2018,38.549999,38.650002,37.349998,38.400002,38.400002,105400
2/5/2018,38.200001,38.5,36.849998,36.849998,36.849998,89700
2/6/2018,36.349998,38,36.150002,37.700001,37.700001,206800
2/7/2018,37.599998,38,36.700001,36.75,36.75,87700
2/8/2018,36.849998,36.849998,35.400002,35.400002,35.400002,71600
2/9/2018,35.849998,36.549999,34.75,36.400002,36.400002,154500
2/12/2018,36.549999,38.700001,35.650002,36.349998,36.349998,109900
2/13/2018,36.049999,36.75,35.799999,36.549999,36.549999,84300
2/14/2018,36.450001,37.450001,36.450001,37.349998,37.349998,90300
2/15/2018,37.599998,37.599998,36.299999,36.5,36.5,109100
2/16/2018,36.450001,37.599998,36.450001,37.25,37.25,93500
2/20/2018,37,37.450001,35.799999,35.799999,35.799999,108000
2/21/2018,35.900002,36.650002,35.75,35.799999,35.799999,94500
2/22/2018,36.049999,36.049999,32.150002,35.049999,35.049999,189400
2/23/2018,35.299999,36.400002,33.950001,36,36,125600
2/26/2018,36.150002,36.349998,35.450001,36.25,36.25,128400
2/27/2018,36.200001,36.400002,35.400002,36,36,146000
2/28/2018,36.099998,36.650002,35.849998,36,36,180900
3/1/2018,36,36.5,35.549999,35.599998,35.599998,123000
3/2/2018,35.349998,36.900002,35.150002,36.799999,36.799999,121200
3/5/2018,36.599998,36.880001,36.049999,36.150002,36.150002,128900
3/6/2018,36.200001,36.849998,35.98,36.549999,36.549999,100500
3/7/2018,36.349998,37.150002,36.25,37.049999,37.049999,122500
3/8/2018,37.200001,37.25,36.400002,36.549999,36.549999,64500
3/9/2018,36.849998,37.099998,36.48,37,37,90500
3/12/2018,37.150002,37.650002,37.049999,37.650002,37.650002,114600
3/13/2018,37.150002,37.75,37.049999,37.75,37.75,85800
3/14/2018,37.950001,37.950001,37.23,37.450001,37.450001,85200
3/15/2018,37.450001,37.450001,36.799999,36.900002,36.900002,33200
3/16/2018,36.950001,37.650002,36.849998,37.5,37.5,133000
3/19/2018,37.349998,37.599998,37,37.200001,37.200001,78800
3/20/2018,37.200001,37.599998,36.900002,37,37,77100
3/21/2018,37.049999,37.5,36.75,37.200001,37.200001,61600
3/22/2018,36.799999,37.349998,36.450001,36.450001,36.450001,99600
3/23/2018,36.5,36.5,35.099998,35.150002,35.150002,87900
3/26/2018,35.650002,35.900002,34.700001,35.5,35.5,96500
3/27/2018,35.650002,35.950001,35.049999,35.75,35.75,137800
3/28/2018,35.75,36.25,35.75,36,36,166000
3/29/2018,36.200001,36.75,35.549999,35.599998,35.599998,86600
4/2/2018,35.5,35.799999,34.599998,35,35,76600
4/3/2018,35.200001,35.900002,35.150002,35.799999,35.799999,58500
4/4/2018,35.349998,36.150002,35.349998,36,36,50100
4/5/2018,36.25,36.299999,35.849998,36.25,36.25,69900
4/6/2018,36,36.25,34.950001,35.400002,35.400002,59700
4/9/2018,35.549999,36.200001,35.400002,35.700001,35.700001,83600
4/10/2018,36,36,35.650002,35.75,35.75,42600
4/11/2018,35.599998,35.75,35.200001,35.450001,35.450001,72000
4/12/2018,35.599998,35.900002,35.200001,35.299999,35.299999,62600
4/13/2018,35.450001,35.950001,34.939999,35.049999,35.049999,52000
4/16/2018,35.299999,36.049999,35.049999,35.849998,35.849998,60800
4/17/2018,36.099998,36.200001,35.849998,36.150002,36.150002,108300
4/18/2018,36.299999,36.950001,36.150002,36.700001,36.700001,181900
4/19/2018,36.650002,36.799999,36.200001,36.549999,36.549999,46600
4/20/2018,36.549999,36.75,36.099998,36.650002,36.650002,64100
4/23/2018,36.599998,36.700001,36.25,36.549999,36.549999,39800
4/24/2018,36.650002,36.849998,36.349998,36.75,36.75,59000
4/25/2018,36.650002,37.150002,36.5,36.849998,36.849998,52400
4/26/2018,36.799999,36.900002,36.400002,36.549999,36.549999,48900
4/27/2018,36.75,36.849998,35.700001,35.700001,35.700001,92300
4/30/2018,35.849998,36.299999,35.049999,35.150002,35.150002,83700
5/1/2018,35.200001,35.950001,35.099998,35.950001,35.950001,103000
5/2/2018,35.900002,36.099998,35.700001,35.950001,35.950001,35500
5/3/2018,36.150002,36.150002,35.349998,35.450001,35.450001,78700
5/4/2018,35.349998,36.400002,34.849998,36.200001,36.200001,78800
5/7/2018,36.200001,36.299999,35.549999,35.950001,35.950001,52800
5/8/2018,35.900002,36.799999,35.900002,36.5,36.5,102400
5/9/2018,36.549999,36.650002,35.650002,36.150002,36.150002,91700
5/10/2018,36.150002,36.5,35.830002,35.950001,35.950001,65900
5/11/2018,35.900002,36.299999,35.75,35.799999,35.799999,49000
5/14/2018,35.849998,36.150002,35.049999,35.25,35.25,120800
5/15/2018,35.200001,36.150002,35.200001,35.700001,35.700001,99800
5/16/2018,35.700001,36.549999,35.400002,36,36,138700
5/17/2018,36,36.299999,35.700001,36,36,70800
5/18/2018,36.200001,36.299999,35.200001,35.25,35.25,112000
5/21/2018,35.349998,35.650002,34.950001,35.349998,35.349998,130900
5/22/2018,35.299999,35.650002,35.200001,35.200001,35.200001,92500
5/23/2018,35.150002,35.650002,35.049999,35.349998,35.349998,91600
5/24/2018,35.299999,36.400002,35.200001,36.299999,36.299999,83600
5/25/2018,36.25,36.48,35.75,35.849998,35.849998,51000
5/29/2018,35.700001,36.049999,35.450001,35.75,35.75,54100
5/30/2018,35.849998,36.400002,35.700001,36,36,86100
5/31/2018,36.099998,36.200001,35.75,36,36,67500
6/1/2018,36.099998,36.599998,36,36.549999,36.549999,66500
6/4/2018,36.549999,37.349998,36.549999,37.25,37.25,80900
6/5/2018,37.25,38.099998,36.950001,38.049999,38.049999,82100
6/6/2018,38,38.200001,37.799999,37.900002,37.900002,83800
6/7/2018,38.049999,38.400002,37.400002,38.049999,38.049999,65600
6/8/2018,38,38.200001,37.849998,37.900002,37.900002,44100
6/11/2018,37.900002,39.349998,37.900002,39,39,110700
6/12/2018,38.150002,39.98,37.950001,38.200001,38.200001,100000
6/13/2018,38.349998,38.549999,37.700001,38.049999,38.049999,65700
6/14/2018,38.25,38.25,37.349998,38,38,59500
6/15/2018,37.900002,38.799999,37.700001,38.75,38.75,152700
6/18/2018,38.5,39.200001,38.299999,39.150002,39.150002,82700
6/19/2018,38.950001,39.25,38.599998,38.950001,38.950001,65300
6/20/2018,39.150002,39.25,38.849998,39.150002,39.150002,112500
6/21/2018,39.25,39.540001,38.75,38.75,38.75,126600
6/22/2018,38.950001,39.150002,38.25,38.849998,38.849998,716400
6/25/2018,38.700001,39.150002,38.700001,38.75,38.75,83800
6/26/2018,38.75,38.75,38.200001,38.5,38.5,157000
6/27/2018,38.549999,39,38.299999,38.75,38.75,125800
6/28/2018,38.75,39,38.049999,38.150002,38.150002,105400
6/29/2018,38.200001,38.200001,37.099998,37.200001,37.200001,60100
7/2/2018,36.950001,37.349998,36.650002,36.950001,36.950001,99800
7/3/2018,37.099998,37.25,36.950001,37.049999,37.049999,36400
7/5/2018,37.200001,37.799999,36.919998,37.75,37.75,65300
7/6/2018,37.950001,38,37.549999,38,38,96000
7/9/2018,38.099998,38.5,37.779999,38.450001,38.450001,116100
7/10/2018,38.400002,38.400002,37.830002,38.150002,38.150002,64800
7/11/2018,38,38.099998,37.599998,37.650002,37.650002,43600
7/12/2018,37.849998,38.049999,37.25,38,38,110300
7/13/2018,37.950001,38.349998,37.669998,37.75,37.75,41300
7/16/2018,37.700001,37.75,37.200001,37.349998,37.349998,53800
7/17/2018,37.299999,37.450001,36.529999,36.650002,36.650002,46300
7/18/2018,36.549999,36.75,36.150002,36.75,36.75,58800
7/19/2018,36.700001,37.200001,36.700001,37,37,65600
7/20/2018,36.900002,37.799999,36.900002,37.450001,37.450001,45100
7/23/2018,37.349998,37.75,37.349998,37.599998,37.599998,48700
7/24/2018,37.700001,37.830002,37.349998,37.599998,37.599998,68200
7/25/2018,37.549999,37.990002,37.349998,37.450001,37.450001,59700
7/26/2018,37.549999,38.099998,37.450001,37.950001,37.950001,63600
7/27/2018,38,38.25,37.75,38,38,70200
7/30/2018,37.950001,38.849998,37.799999,38.549999,38.549999,73300
7/31/2018,38.700001,39.200001,38.549999,39,39,71800
8/1/2018,40.25,41.349998,39.299999,40.049999,40.049999,106700
8/2/2018,39.950001,40.549999,38.150002,39.200001,39.200001,116100
8/3/2018,39.950001,39.950001,39,39.200001,39.200001,107100
8/6/2018,39.200001,39.549999,38.799999,39.150002,39.150002,106400
8/7/2018,39.200001,39.700001,39.189999,39.25,39.25,49900
8/8/2018,39.400002,40.009998,39,39.5,39.5,65400
8/9/2018,39.549999,39.669998,39.299999,39.450001,39.450001,41700
8/10/2018,39.400002,39.700001,38.799999,39.400002,39.400002,49700
8/13/2018,39.450001,40.200001,39.150002,40.099998,40.099998,125900
8/14/2018,40.200001,40.75,39.950001,40.400002,40.400002,119200
8/15/2018,40.450001,40.580002,39.779999,40.049999,40.049999,69700
8/16/2018,40.25,40.950001,40.209999,40.849998,40.849998,60600
8/17/2018,40.700001,41.18,40.549999,40.599998,40.599998,73600
8/20/2018,40.599998,40.849998,40.400002,40.5,40.5,49100
8/21/2018,40.700001,41.200001,40.450001,40.799999,40.799999,53600
8/22/2018,40.799999,40.950001,40.200001,40.299999,40.299999,74300
8/23/2018,40.349998,40.450001,39.849998,40.099998,40.099998,29700
8/24/2018,40.200001,40.450001,39.799999,40.099998,40.099998,52800
8/27/2018,40.200001,40.299999,39.799999,39.849998,39.849998,47600
8/28/2018,39.799999,40.150002,39.150002,39.150002,39.150002,57300
8/29/2018,39.299999,39.400002,38.98,39.099998,39.099998,39000
8/30/2018,39.049999,39.200001,38.650002,39.049999,39.049999,48900
8/31/2018,38.849998,39.150002,38.400002,38.900002,38.900002,92300
9/4/2018,38.849998,39,38.349998,38.799999,38.799999,42300
9/5/2018,38.75,39,38.200001,38.900002,38.900002,64600
9/6/2018,39,39.200001,38.400002,38.549999,38.549999,42400
9/7/2018,38.549999,38.549999,38.200001,38.549999,38.549999,31700
9/10/2018,38.599998,39.049999,38.349998,38.75,38.75,54700
9/11/2018,38.700001,38.700001,38,38,38,65700
9/12/2018,38,38.200001,37.549999,37.799999,37.799999,59700
9/13/2018,37.950001,38.099998,37.299999,37.450001,37.450001,39300
9/14/2018,37.450001,37.900002,37.25,37.700001,37.700001,27900
9/17/2018,37.700001,37.950001,37.599998,37.950001,37.950001,47800
9/18/2018,37.900002,38,34.299999,37.799999,37.799999,55800
9/19/2018,37.75,37.950001,37.529999,37.75,37.75,99800
9/20/2018,37.900002,38.299999,37.790001,38.25,38.25,35600
9/21/2018,38.299999,39.450001,38,39.349998,39.349998,276800
9/24/2018,39.25,39.25,38.599998,39,39,94600
9/25/2018,39.099998,39.099998,37.650002,37.650002,37.650002,60600
9/26/2018,37.650002,37.75,36.400002,36.400002,36.400002,68100
9/27/2018,36.5,37.099998,35.900002,36.75,36.75,87400
9/28/2018,36.75,36.849998,36.349998,36.5,36.5,48800
10/1/2018,36.5,36.549999,35.43,35.43,35.43,36400
10/2/2018,35.419998,36.759998,35.400002,35.779999,35.779999,56800
10/3/2018,36.48,36.48,35.23,35.529999,35.529999,77500
10/4/2018,35.509998,35.66,34.509998,34.68,34.68,71600
10/5/2018,34.77,34.900002,33.860001,34.150002,34.150002,43700
10/8/2018,34.139999,34.330002,32.029999,34.189999,34.189999,43000
10/9/2018,34.169998,34.799999,33.330002,33.43,33.43,55000
10/10/2018,33.43,33.459999,32.66,32.799999,32.799999,91900
10/11/2018,32.700001,33,32.189999,32.700001,32.700001,152000
10/12/2018,33.029999,34,32.630001,32.919998,32.919998,100100
10/15/2018,32.91,33.240002,32.099998,32.970001,32.970001,86000
10/16/2018,33.080002,33.720001,32.330002,33.560001,33.560001,79100
10/17/2018,33.650002,33.650002,32.349998,33.240002,33.240002,48300
10/18/2018,33.130001,33.130001,32.48,32.919998,32.919998,72500
10/19/2018,32.84,33,31.889999,32.310001,32.310001,57100
10/22/2018,32.349998,33.830002,31.85,32,32,63200
10/23/2018,31.620001,31.93,31.02,31.23,31.23,41400
10/24/2018,31.25,31.469999,30.49,30.809999,30.809999,78100
10/25/2018,30.969999,31.5,30.780001,31.18,31.18,347900
10/26/2018,30.870001,32,30.6,31.49,31.49,45000
10/29/2018,31.75,32.419998,31.040001,31.290001,31.290001,46000
10/30/2018,31.299999,31.75,30.76,31.6,31.6,75100
10/31/2018,31.879999,32.07,31.049999,31.959999,31.959999,61500
11/1/2018,32.18,33.310001,30.6,31.360001,31.360001,155300
11/2/2018,31.35,31.66,30.6,31.24,31.24,343300
11/5/2018,31.23,32.470001,31.23,31.809999,31.809999,108700
11/6/2018,31.799999,32.98,31.799999,31.950001,31.950001,48500
11/7/2018,31.969999,32.450001,31.719999,32.240002,32.240002,53400
11/8/2018,32.23,33.380001,31.76,32.009998,32.009998,48900
11/9/2018,32,32.830002,31.129999,31.809999,31.809999,53200
11/12/2018,31.82,31.9,31.35,31.379999,31.379999,43400
11/13/2018,31.379999,31.67,31.07,31.309999,31.309999,38800
11/14/2018,31.450001,31.610001,30.9,31.09,31.09,53900
11/15/2018,31.030001,31.879999,30.84,31.360001,31.360001,50800
11/16/2018,31.17,31.4,30.83,31.190001,31.190001,61100
11/19/2018,31.18,31.57,30.85,31.370001,31.370001,58300
11/20/2018,31.15,31.299999,29.68,29.76,29.76,106600
11/21/2018,29.77,31.08,29.77,29.92,29.92,55100
11/23/2018,29.74,30.280001,29.73,29.879999,29.879999,21000
11/26/2018,30.049999,30.360001,29.48,29.709999,29.709999,76200
11/27/2018,29.58,30.52,29.379999,29.98,29.98,58400
11/28/2018,29.940001,31.219999,29.549999,31,31,113800
11/29/2018,31.01,31.23,30.33,30.33,30.33,56700
11/30/2018,30.34,30.75,29.42,30.309999,30.309999,125100
12/3/2018,30.540001,31.59,29.92,30.870001,30.870001,100500
12/4/2018,30.85,30.85,28.52,28.75,28.75,111100
12/6/2018,28.67,28.889999,27.83,28.860001,28.860001,137100
12/7/2018,28.85,29.77,28.85,29.33,29.33,128100
12/10/2018,29.33,29.389999,28.629999,28.780001,28.780001,94400
12/11/2018,29.139999,29.139999,28.540001,28.690001,28.690001,58000
12/12/2018,28.92,29.219999,28.370001,28.91,28.91,78700
12/13/2018,28.92,29.02,27.9,28.15,28.15,86600
12/14/2018,28.049999,28.32,27.790001,28.24,28.24,77600
12/17/2018,28.200001,29.110001,28.139999,28.57,28.57,129400
12/18/2018,28.84,28.84,27.77,28.120001,28.120001,108500
12/19/2018,28.030001,28.58,27.51,27.85,27.85,196400
12/20/2018,27.860001,28.23,27.360001,27.85,27.85,148900
12/21/2018,27.860001,28.26,27.129999,27.52,27.52,265800
12/24/2018,27.450001,28.200001,27.34,27.549999,27.549999,63700
12/26/2018,27.67,28.719999,27.26,28.52,28.52,118300
12/27/2018,28.209999,28.700001,28,28.559999,28.559999,154500
12/28/2018,28.76,29.49,28.440001,29.07,29.07,130500
12/31/2018,29.309999,29.620001,29.1,29.540001,29.540001,66000
